,dassco0063,Top,dassco0215,Side,dassco0024,dassco0056,dassco0218,total
0,0 days 00:00:00.974986,0 days 00:00:00.975131,0 days 00:00:00.975178,0 days 00:00:01.051371,0 days 00:00:01.097928,0 days 00:00:01.185629,0 days 00:00:01.230609,0 days 00:00:01.230815
1,0 days 00:00:00.997092,0 days 00:00:00.997146,0 days 00:00:00.997012,0 days 00:00:01.086586,0 days 00:00:01.086505,0 days 00:00:01.198801,0 days 00:00:01.286281,0 days 00:00:01.286424
2,0 days 00:00:00.979821,0 days 00:00:01.002946,0 days 00:00:00.979741,0 days 00:00:01.068127,0 days 00:00:01.112397,0 days 00:00:01.112042,0 days 00:00:01.244903,0 days 00:00:01.246755
3,0 days 00:00:00.998138,0 days 00:00:00.975414,0 days 00:00:01.020738,0 days 00:00:01.109361,0 days 00:00:01.155876,0 days 00:00:01.133277,0 days 00:00:01.288870,0 days 00:00:01.289323
4,0 days 00:00:00.969375,0 days 00:00:01.057192,0 days 00:00:00.969453,0 days 00:00:01.079615,0 days 00:00:01.101721,0 days 00:00:00.991857,0 days 00:00:01.169948,0 days 00:00:01.170186
5,0 days 00:00:01.039383,0 days 00:00:01.017050,0 days 00:00:01.039560,0 days 00:00:01.084994,0 days 00:00:00.994216,0 days 00:00:01.151992,0 days 00:00:01.307090,0 days 00:00:01.307209
6,0 days 00:00:00.998155,0 days 00:00:01.021136,0 days 00:00:00.998353,0 days 00:00:01.086725,0 days 00:00:00.998307,0 days 00:00:01.154012,0 days 00:00:01.219933,0 days 00:00:01.221818
7,,,0 days 00:00:01.037402,,,0 days 00:00:01.060096,,0 days 00:00:01.060234
8,,,0 days 00:00:01.032341,,,0 days 00:00:01.228978,,0 days 00:00:01.229088
9,0 days 00:00:00.973882,,0 days 00:00:01.017703,,,0 days 00:00:01.148808,,0 days 00:00:01.150763
10,0 days 00:00:00.956489,,0 days 00:00:00.978827,,,0 days 00:00:01.177280,,0 days 00:00:01.179060
11,0 days 00:00:01.046963,,0 days 00:00:01.047041,,,0 days 00:00:01.157859,,0 days 00:00:01.158003
12,0 days 00:00:00.997540,0 days 00:00:01.019932,0 days 00:00:00.997625,0 days 00:00:01.042411,0 days 00:00:01.088837,0 days 00:00:01.064862,0 days 00:00:01.265425,0 days 00:00:01.265744
13,0 days 00:00:00.985138,0 days 00:00:01.053465,0 days 00:00:01.031361,0 days 00:00:01.098371,0 days 00:00:01.143835,0 days 00:00:01.075997,0 days 00:00:01.234386,0 days 00:00:01.234517
14,0 days 00:00:01.513051,0 days 00:00:01.557790,0 days 00:00:01.579928,0 days 00:00:01.623542,0 days 00:00:01.579635,0 days 00:00:01.579882,0 days 00:00:01.755581,0 days 00:00:01.757523
15,0 days 00:00:01.612051,0 days 00:00:01.657322,0 days 00:00:01.657253,0 days 00:00:01.723732,0 days 00:00:01.700727,0 days 00:00:01.790191,0 days 00:00:01.920416,0 days 00:00:01.920550
16,0 days 00:00:01.584026,0 days 00:00:01.629792,0 days 00:00:01.607528,0 days 00:00:01.673194,0 days 00:00:01.607456,0 days 00:00:01.695047,0 days 00:00:01.850260,0 days 00:00:01.851189
17,0 days 00:00:01.580957,0 days 00:00:01.629398,0 days 00:00:01.629476,0 days 00:00:01.695547,0 days 00:00:01.673050,0 days 00:00:01.741512,0 days 00:00:01.873914,0 days 00:00:01.874055
18,0 days 00:00:01.607952,0 days 00:00:01.718482,0 days 00:00:01.630812,0 days 00:00:01.696313,0 days 00:00:01.718316,0 days 00:00:01.696198,0 days 00:00:01.850854,0 days 00:00:01.853741
19,0 days 00:00:01.605817,0 days 00:00:01.671956,0 days 00:00:01.628197,0 days 00:00:01.716469,0 days 00:00:01.693957,0 days 00:00:01.760673,0 days 00:00:01.959720,0 days 00:00:01.960191
20,0 days 00:00:01.636519,0 days 00:00:01.727565,0 days 00:00:01.682617,0 days 00:00:01.797223,0 days 00:00:01.705230,0 days 00:00:01.843451,0 days 00:00:01.934232,0 days 00:00:01.934553
21,0 days 00:00:01.552733,0 days 00:00:01.597509,0 days 00:00:01.575090,0 days 00:00:01.662524,0 days 00:00:01.597431,0 days 00:00:01.750565,0 days 00:00:01.816862,0 days 00:00:01.816922
22,0 days 00:00:01.676952,0 days 00:00:01.767167,0 days 00:00:01.723200,0 days 00:00:01.789400,0 days 00:00:01.700856,0 days 00:00:01.767315,0 days 00:00:01.854833,0 days 00:00:01.856879
23,0 days 00:00:01.568947,0 days 00:00:01.635798,0 days 00:00:01.613579,0 days 00:00:01.680222,0 days 00:00:01.680406,0 days 00:00:01.657942,0 days 00:00:01.878987,0 days 00:00:01.879687
24,0 days 00:00:01.716433,0 days 00:00:01.805160,0 days 00:00:01.740298,0 days 00:00:01.827338,0 days 00:00:01.740218,0 days 00:00:01.805289,0 days 00:00:01.965476,0 days 00:00:01.966013
25,0 days 00:00:01.619540,0 days 00:00:01.711688,0 days 00:00:01.665264,0 days 00:00:01.735437,0 days 00:00:01.689217,0 days 00:00:01.757673,0 days 00:00:01.826158,0 days 00:00:01.826449
26,0 days 00:00:01.608654,0 days 00:00:01.748777,0 days 00:00:01.655406,0 days 00:00:01.726654,0 days 00:00:01.726581,0 days 00:00:01.702719,0 days 00:00:01.841316,0 days 00:00:01.841537
27,0 days 00:00:01.714228,0 days 00:00:01.714383,0 days 00:00:01.714158,0 days 00:00:01.757879,0 days 00:00:01.757802,0 days 00:00:01.691880,0 days 00:00:01.954473,0 days 00:00:01.955265
28,0 days 00:00:01.665406,0 days 00:00:01.754837,0 days 00:00:01.665487,0 days 00:00:01.732454,0 days 00:00:01.732355,0 days 00:00:01.710356,0 days 00:00:01.955003,0 days 00:00:01.955566
29,0 days 00:00:01.639466,0 days 00:00:01.662385,0 days 00:00:01.662293,0 days 00:00:01.707117,0 days 00:00:01.639544,0 days 00:00:01.776815,0 days 00:00:01.821605,0 days 00:00:01.822570
30,0 days 00:00:02.029347,0 days 00:00:02.051949,0 days 00:00:02.029188,0 days 00:00:02.138565,0 days 00:00:02.029261,0 days 00:00:02.051788,0 days 00:00:02.029307,0 days 00:00:02.139467
31,0 days 00:00:01.622195,0 days 00:00:01.666811,0 days 00:00:01.644900,0 days 00:00:01.688979,0 days 00:00:01.667031,0 days 00:00:01.732871,0 days 00:00:01.777933,0 days 00:00:01.778062
32,0 days 00:00:01.560126,0 days 00:00:01.628780,0 days 00:00:01.606421,0 days 00:00:01.672032,0 days 00:00:01.628706,0 days 00:00:01.716177,0 days 00:00:01.850239,0 days 00:00:01.850287
33,0 days 00:00:01.550030,0 days 00:00:01.619115,0 days 00:00:01.575326,0 days 00:00:01.663157,0 days 00:00:01.685540,0 days 00:00:01.685739,0 days 00:00:01.821496,0 days 00:00:01.823424
34,0 days 00:00:01.602160,0 days 00:00:01.694142,0 days 00:00:01.624447,0 days 00:00:01.669704,0 days 00:00:01.764417,0 days 00:00:01.669851,0 days 00:00:01.895537,0 days 00:00:01.896419
35,0 days 00:00:01.636977,0 days 00:00:01.724411,0 days 00:00:01.681035,0 days 00:00:01.724486,0 days 00:00:01.746875,0 days 00:00:01.792998,0 days 00:00:01.971956,0 days 00:00:01.972448
36,0 days 00:00:01.603152,0 days 00:00:01.646660,0 days 00:00:01.579947,0 days 00:00:01.669127,0 days 00:00:01.646746,0 days 00:00:01.669058,0 days 00:00:01.890302,0 days 00:00:01.890537
37,0 days 00:00:01.574267,0 days 00:00:01.641363,0 days 00:00:01.597744,0 days 00:00:01.663450,0 days 00:00:01.641536,0 days 00:00:01.685947,0 days 00:00:01.820397,0 days 00:00:01.821945
38,0 days 00:00:01.531186,0 days 00:00:01.597831,0 days 00:00:01.553749,0 days 00:00:01.688614,0 days 00:00:01.641933,0 days 00:00:01.664177,0 days 00:00:01.844158,0 days 00:00:01.844778
39,0 days 00:00:01.579750,0 days 00:00:01.602043,0 days 00:00:01.579829,0 days 00:00:01.645934,0 days 00:00:01.690233,0 days 00:00:01.714340,0 days 00:00:01.868729,0 days 00:00:01.868930
40,0 days 00:00:01.577148,0 days 00:00:01.643436,0 days 00:00:01.600031,0 days 00:00:01.686619,0 days 00:00:01.686669,0 days 00:00:01.664391,0 days 00:00:01.797805,0 days 00:00:01.799504
41,0 days 00:00:01.578958,0 days 00:00:01.647194,0 days 00:00:01.690743,0 days 00:00:01.690835,0 days 00:00:01.625090,0 days 00:00:01.624914,0 days 00:00:01.824433,0 days 00:00:01.824572
42,0 days 00:00:01.601378,0 days 00:00:01.691169,0 days 00:00:01.625254,0 days 00:00:01.691014,0 days 00:00:01.647692,0 days 00:00:01.758204,0 days 00:00:01.867989,0 days 00:00:01.868137
43,0 days 00:00:01.584439,0 days 00:00:01.628640,0 days 00:00:01.561840,0 days 00:00:01.651033,0 days 00:00:01.606517,0 days 00:00:01.651094,0 days 00:00:01.809520,0 days 00:00:01.810315
44,0 days 00:00:01.668075,0 days 00:00:01.692389,0 days 00:00:01.715533,0 days 00:00:01.739014,0 days 00:00:01.738848,0 days 00:00:01.692557,0 days 00:00:01.901452,0 days 00:00:01.902203
45,0 days 00:00:01.620854,0 days 00:00:01.647733,0 days 00:00:01.645618,0 days 00:00:01.719578,0 days 00:00:01.719533,0 days 00:00:01.719456,0 days 00:00:01.882079,0 days 00:00:01.882306
46,0 days 00:00:01.702732,0 days 00:00:01.702839,0 days 00:00:01.656250,0 days 00:00:01.702796,0 days 00:00:01.679706,0 days 00:00:01.632697,0 days 00:00:01.866130,0 days 00:00:01.867807
47,0 days 00:00:01.698068,0 days 00:00:01.697977,0 days 00:00:01.697899,0 days 00:00:01.771991,0 days 00:00:01.698025,0 days 00:00:01.795262,0 days 00:00:01.936179,0 days 00:00:01.936735
48,0 days 00:00:01.637297,0 days 00:00:01.685042,0 days 00:00:01.661856,0 days 00:00:01.731806,0 days 00:00:01.637207,0 days 00:00:01.708332,0 days 00:00:01.846427,0 days 00:00:01.848085
49,0 days 00:00:01.600540,0 days 00:00:01.647988,0 days 00:00:01.600432,0 days 00:00:01.647810,0 days 00:00:01.694745,0 days 00:00:01.671255,0 days 00:00:01.858042,0 days 00:00:01.860266
50,0 days 00:00:01.648530,0 days 00:00:01.719105,0 days 00:00:01.648769,0 days 00:00:01.742540,0 days 00:00:01.695885,0 days 00:00:01.765625,0 days 00:00:01.863389,0 days 00:00:01.864344
51,0 days 00:00:01.620098,0 days 00:00:01.620227,0 days 00:00:01.620182,0 days 00:00:01.711570,0 days 00:00:01.711809,0 days 00:00:01.735619,0 days 00:00:01.829301,0 days 00:00:01.829393
52,0 days 00:00:01.689887,0 days 00:00:01.714847,0 days 00:00:01.665495,0 days 00:00:01.738496,0 days 00:00:01.714920,0 days 00:00:01.689817,0 days 00:00:01.879114,0 days 00:00:01.879162
53,0 days 00:00:01.610036,0 days 00:00:01.658515,0 days 00:00:01.635285,0 days 00:00:01.704238,0 days 00:00:01.681089,0 days 00:00:01.704307,0 days 00:00:01.872200,0 days 00:00:01.872330
54,0 days 00:00:01.642356,0 days 00:00:01.715347,0 days 00:00:01.613455,0 days 00:00:01.667227,0 days 00:00:01.690491,0 days 00:00:01.763398,0 days 00:00:01.857270,0 days 00:00:01.857486
55,0 days 00:00:01.592688,0 days 00:00:01.643332,0 days 00:00:01.619832,0 days 00:00:01.666326,0 days 00:00:01.643395,0 days 00:00:01.666622,0 days 00:00:01.737291,0 days 00:00:01.737480
56,0 days 00:00:01.625053,0 days 00:00:01.695517,0 days 00:00:01.649669,0 days 00:00:01.741289,0 days 00:00:01.786185,0 days 00:00:01.624869,0 days 00:00:01.857201,0 days 00:00:01.857243
57,0 days 00:00:01.633522,0 days 00:00:01.704773,0 days 00:00:01.659381,0 days 00:00:01.727942,0 days 00:00:01.659303,0 days 00:00:01.773921,0 days 00:00:01.827244,0 days 00:00:01.828112
58,0 days 00:00:01.596346,0 days 00:00:01.619534,0 days 00:00:01.572434,0 days 00:00:01.642573,0 days 00:00:01.693125,0 days 00:00:01.693197,0 days 00:00:01.742472,0 days 00:00:01.743028
59,0 days 00:00:01.671125,0 days 00:00:01.719156,0 days 00:00:01.671043,0 days 00:00:01.742477,0 days 00:00:01.765446,0 days 00:00:01.671180,0 days 00:00:01.859083,0 days 00:00:01.859860
60,0 days 00:00:01.640439,0 days 00:00:01.664390,0 days 00:00:01.664208,0 days 00:00:01.710527,0 days 00:00:01.733716,0 days 00:00:01.804650,0 days 00:00:01.850794,0 days 00:00:01.850818
61,0 days 00:00:01.593794,0 days 00:00:01.664037,0 days 00:00:01.640802,0 days 00:00:01.640895,0 days 00:00:01.617720,0 days 00:00:01.617789,0 days 00:00:01.830798,0 days 00:00:01.830936
62,0 days 00:00:01.662914,0 days 00:00:01.687162,0 days 00:00:01.613524,0 days 00:00:01.687231,0 days 00:00:01.613381,0 days 00:00:01.782903,0 days 00:00:01.807071,0 days 00:00:01.807194
63,0 days 00:00:01.631687,0 days 00:00:01.725284,0 days 00:00:01.655625,0 days 00:00:01.775568,0 days 00:00:01.655547,0 days 00:00:01.678974,0 days 00:00:01.822424,0 days 00:00:01.822634
64,0 days 00:00:01.568592,0 days 00:00:01.615870,0 days 00:00:01.615797,0 days 00:00:01.685369,0 days 00:00:01.615916,0 days 00:00:01.639273,0 days 00:00:01.758666,0 days 00:00:01.758890
65,0 days 00:00:01.649492,0 days 00:00:01.695596,0 days 00:00:01.649413,0 days 00:00:01.718767,0 days 00:00:01.743645,0 days 00:00:01.624321,0 days 00:00:01.791808,0 days 00:00:01.791862
66,0 days 00:00:01.591665,0 days 00:00:01.616347,0 days 00:00:01.591565,0 days 00:00:01.642368,0 days 00:00:01.616238,0 days 00:00:01.617440,0 days 00:00:01.759275,0 days 00:00:01.759409
67,0 days 00:00:01.532704,0 days 00:00:01.676897,0 days 00:00:01.583252,0 days 00:00:01.654056,0 days 00:00:01.676833,0 days 00:00:01.653977,0 days 00:00:01.749378,0 days 00:00:01.749410
68,0 days 00:00:01.574101,0 days 00:00:01.620904,0 days 00:00:01.620791,0 days 00:00:01.666732,0 days 00:00:01.597695,0 days 00:00:01.735126,0 days 00:00:01.783308,0 days 00:00:01.783861
69,0 days 00:00:01.704598,0 days 00:00:01.704450,0 days 00:00:01.727755,0 days 00:00:01.681094,0 days 00:00:01.704517,0 days 00:00:01.727809,0 days 00:00:01.847590,0 days 00:00:01.847834
70,0 days 00:00:01.540514,0 days 00:00:01.564407,0 days 00:00:01.540607,0 days 00:00:01.631608,0 days 00:00:01.677607,0 days 00:00:01.631689,0 days 00:00:01.793895,0 days 00:00:01.794775
71,0 days 00:00:01.570869,0 days 00:00:01.666010,0 days 00:00:01.597069,0 days 00:00:01.712520,0 days 00:00:01.735773,0 days 00:00:01.689184,0 days 00:00:01.805883,0 days 00:00:01.806828
72,0 days 00:00:01.672743,0 days 00:00:01.624416,0 days 00:00:01.719111,0 days 00:00:01.789362,0 days 00:00:01.742314,0 days 00:00:01.672929,0 days 00:00:01.835895,0 days 00:00:01.837805
73,0 days 00:00:01.582005,0 days 00:00:01.607063,0 days 00:00:01.653996,0 days 00:00:01.699664,0 days 00:00:01.630417,0 days 00:00:01.745704,0 days 00:00:01.816610,0 days 00:00:01.816878
74,0 days 00:00:01.080552,,0 days 00:00:01.013198,,,0 days 00:00:01.102985,,0 days 00:00:01.104862
75,0 days 00:00:00.995428,0 days 00:00:01.040257,0 days 00:00:00.970904,0 days 00:00:02.070351,0 days 00:00:01.040427,0 days 00:00:01.108259,0 days 00:00:01.219561,0 days 00:00:02.070551
